"C:\D\APPs\roundedtb-3-1\af-ZA\ModernWpf.Controls.resources.dll",7168,2025-06-16 10:00:18,c3d2d4f0d0c76d933c2e73b83c5e2e14
"C:\D\APPs\roundedtb-3-1\af-ZA\ModernWpf.resources.dll",6144,2025-06-16 10:00:18,620fb48fd77be2132ee3b2c1cd24218a
"C:\D\APPs\roundedtb-3-1\am-ET\ModernWpf.Controls.resources.dll",7680,2025-06-16 10:00:18,48b5129a332ca5923a60b0f3eb2eea09
"C:\D\APPs\roundedtb-3-1\am-ET\ModernWpf.resources.dll",6656,2025-06-16 10:00:18,bc27ce0b71e3b1211939eddad2c8d338
"C:\D\APPs\roundedtb-3-1\ar-SA\ModernWpf.Controls.resources.dll",7168,2025-06-16 10:00:18,8357cf42fd124ea163a80b76c4f4c619
"C:\D\APPs\roundedtb-3-1\ar-SA\ModernWpf.resources.dll",6656,2025-06-16 10:00:18,01434098609e50af8e88d93dd8f8cb60
"C:\D\APPs\roundedtb-3-1\az-Latn-AZ\ModernWpf.Controls.resources.dll",7168,2025-06-16 10:00:18,0d7c05d43b1b4ba057751e78a8e373b8
"C:\D\APPs\roundedtb-3-1\az-Latn-AZ\ModernWpf.resources.dll",6656,2025-06-16 10:00:18,a3ed7bfbc2dad02fcb54fb9a06d87202
"C:\D\APPs\roundedtb-3-1\be-BY\ModernWpf.Controls.resources.dll",7168,2025-06-16 10:00:18,5a54cb65b3810566b0fdbc414c135fcf
"C:\D\APPs\roundedtb-3-1\be-BY\ModernWpf.resources.dll",3584,2025-06-16 10:00:18,a1b862b4b59f6fafca2ee04d8c54982d
"C:\D\APPs\roundedtb-3-1\bg-BG\ModernWpf.Controls.resources.dll",7168,2025-06-16 10:00:18,90f88cca8882e17b14c8596787c38814
"C:\D\APPs\roundedtb-3-1\bg-BG\ModernWpf.resources.dll",6656,2025-06-16 10:00:18,954bd0a9ff119f3fdea964d5f29e1705
"C:\D\APPs\roundedtb-3-1\bn-BD\ModernWpf.Controls.resources.dll",7168,2025-06-16 10:00:18,991aa6892e4992703ed300b1e90fb302
"C:\D\APPs\roundedtb-3-1\bn-BD\ModernWpf.resources.dll",3584,2025-06-16 10:00:18,745a4c8deb65ba9ae216f3aeb4ea8fec
"C:\D\APPs\roundedtb-3-1\bs-Latn-BA\ModernWpf.Controls.resources.dll",7168,2025-06-16 10:00:18,aeb0965e6110366f219425d828ff627d
"C:\D\APPs\roundedtb-3-1\bs-Latn-BA\ModernWpf.resources.dll",6144,2025-06-16 10:00:18,c94dc62451253cbd859da033e8e1651a
"C:\D\APPs\roundedtb-3-1\ca-ES\ModernWpf.Controls.resources.dll",7168,2025-06-16 10:00:18,ea3c443d32e2bf48ad27a1b157e8de02
"C:\D\APPs\roundedtb-3-1\ca-ES\ModernWpf.resources.dll",6656,2025-06-16 10:00:18,5cfe102068c5ceb0ecea24bca2d6530a
"C:\D\APPs\roundedtb-3-1\cs-CZ\ModernWpf.Controls.resources.dll",7168,2025-06-16 10:00:18,b2d1fd5287737077a2d1529c18e2b876
"C:\D\APPs\roundedtb-3-1\cs-CZ\ModernWpf.resources.dll",7168,2025-06-16 10:00:18,0b6013a27a61aa1abf7d91ce33e77b0a
"C:\D\APPs\roundedtb-3-1\da-DK\ModernWpf.Controls.resources.dll",7168,2025-06-16 10:00:18,fd557fca49dd4a6c6694a57a7476afc9
"C:\D\APPs\roundedtb-3-1\da-DK\ModernWpf.resources.dll",6144,2025-06-16 10:00:18,f009afb6962a70e2ec45a73ccf8706f7
"C:\D\APPs\roundedtb-3-1\de-DE\ModernWpf.Controls.resources.dll",7168,2025-06-16 10:00:18,31e42934eeb6e5af226ad4494d72ca76
"C:\D\APPs\roundedtb-3-1\de-DE\ModernWpf.resources.dll",7168,2025-06-16 10:00:18,4bd5bb69c5e5f19d75d916477e6f1704
"C:\D\APPs\roundedtb-3-1\el-GR\ModernWpf.Controls.resources.dll",7680,2025-06-16 10:00:18,12fac0a4cc2ec9937b9b39f8b7d90920
"C:\D\APPs\roundedtb-3-1\el-GR\ModernWpf.resources.dll",7168,2025-06-16 10:00:18,5e2240dba32dd549443655b81bf912fb
"C:\D\APPs\roundedtb-3-1\en-GB\ModernWpf.Controls.resources.dll",7168,2025-06-16 10:00:18,4722118915f4fb437bdc16fbf92a5781
"C:\D\APPs\roundedtb-3-1\en-GB\ModernWpf.resources.dll",6144,2025-06-16 10:00:18,1b2498bbc1bec47f7a61e6816cc64afe
"C:\D\APPs\roundedtb-3-1\es-ES\ModernWpf.Controls.resources.dll",7168,2025-06-16 10:00:18,e1c1673cc7625e75a91c260169d20743
"C:\D\APPs\roundedtb-3-1\es-ES\ModernWpf.resources.dll",7168,2025-06-16 10:00:18,a2fc4757bdf385d2a066bd8ad80fe906
"C:\D\APPs\roundedtb-3-1\es-MX\ModernWpf.Controls.resources.dll",7168,2025-06-16 10:00:18,a7da12a62309210d80956e1d04b34ef8
"C:\D\APPs\roundedtb-3-1\es-MX\ModernWpf.resources.dll",7168,2025-06-16 10:00:18,f94a8158e3a1e016cab37bdbfaf2c2c4
"C:\D\APPs\roundedtb-3-1\et-EE\ModernWpf.Controls.resources.dll",7168,2025-06-16 10:00:18,46695e9eebc43e822067cac5830e759b
"C:\D\APPs\roundedtb-3-1\et-EE\ModernWpf.resources.dll",6144,2025-06-16 10:00:18,9377d85d302cc026e0f8b651e63cfad8
"C:\D\APPs\lamborghini-aventador-black-cars-cgi-4256x2832-3458.jpg",3577750,2025-06-16 09:52:43,54b20f2a8b667674483e0c9ed997c640
"C:\D\APPs\roundedtb-3-1\DesktopBridge.Helpers.dll",4608,2025-06-16 10:00:18,068541aaf6113240b0c386c8cbd21a00
